{
  "baseline_original_128D": {
    "hit_at_10": 0.0,
    "hit_at_10_percent": 0.0,
    "evaluation_time": 3.6599526405334473
  },
  "reduced_10D": {
    "hit_at_10": 0.0009935419771485345,
    "hit_at_10_percent": 0.09935419771485346,
    "evaluation_time": 0.83133864402771
  },
  "cluster_aware_10D": {
    "hit_at_10": 0.0004901960784313725,
    "hit_at_10_percent": 0.049019607843137254,
    "evaluation_time": 3.283328056335449
  },
  "hybrid_combination": {
    "hit_at_10": 0.00048496605237633366,
    "hit_at_10_percent": 0.04849660523763337,
    "evaluation_time": 10.49679160118103
  }
}