{
  "r_components": 50,
  "singular_values": [
    6.3249335289001465,
    5.0119853019714355,
    4.610339164733887,
    4.51240873336792,
    4.499016761779785,
    4.487739086151123,
    4.4848151206970215,
    4.469655990600586,
    4.45850944519043,
    4.455848217010498,
    4.449501037597656,
    4.4443135261535645,
    4.441039562225342,
    4.431873798370361,
    4.427360534667969,
    4.4219512939453125,
    4.417322635650635,
    4.414769172668457,
    4.41143798828125,
    4.406210422515869,
    4.39892053604126,
    4.397480487823486,
    4.391719341278076,
    4.380264759063721,
    4.377447128295898,
    4.373511791229248,
    4.3726301193237305,
    4.364068984985352,
    4.360635757446289,
    4.355721950531006,
    4.354503154754639,
    4.352550506591797,
    4.347196102142334,
    4.342249870300293,
    4.341217041015625,
    4.333818435668945,
    4.325139999389648,
    4.321744441986084,
    4.317209243774414,
    4.309760093688965,
    4.307784080505371,
    4.3044209480285645,
    4.299266338348389,
    4.297418117523193,
    4.288147926330566,
    4.286113739013672,
    4.281795978546143,
    4.280545711517334,
    4.274283409118652,
    4.2710723876953125
  ],
  "explained_variance": 0.41077008843421936,
  "matrix_shapes": {
    "U": [
      128,
      50
    ],
    "Sigma": [
      50,
      50
    ],
    "V": [
      49468,
      50
    ]
  }
}